id,local_name,qualified_name,slug
1001,Alconbury Brook,Alconbury Brook,alconbury-brook
1002,Aldford Brook,Aldford Brook,aldford-brook
1003,Aldingbourne Rife,Aldingbourne Rife,aldingbourne-rife
1004,Aller Brook,Aller Brook,aller-brook
1005,Allison Dike,Allison Dike,allison-dike
1006,Alverthorpe Beck,Alverthorpe Beck,alverthorpe-beck
1007,Alwen,Alwen,alwen
1008,Alyn,Alyn,alyn
1009,Ampney Brook,Ampney Brook,ampney-brook
1011,Arkle Beck,Arkle Beck,arkle-beck
1012,Arrowe Brook,Arrowe Brook,arrowe-brook
1013,Ashbrooke,Ashbrooke,ashbrooke
1014,Atherfield Brook,Atherfield Brook,atherfield-brook
1015,Babingley River,Babingley River,babingley-river
1016,Back Delfin,Back Delfin,back-delfin
1017,Badsey Brook,Badsey Brook,badsey-brook
1018,Bagley Brook,Bagley Brook,bagley-brook
1019,Bagley Dike,Bagley Dike,bagley-dike
1020,Baguley Brook,Baguley Brook,baguley-brook
1021,Baildon Dike,Baildon Dike,baildon-dike
1022,Balne Beck,Balne Beck,balne-beck
1023,Barbourne Brook,Barbourne Brook,barbourne-brook
1024,Bardsey Beck,Bardsey Beck,bardsey-beck
1025,Barge Canal,Barge Canal,barge-canal
1026,Barlings Eau,Barlings Eau,barlings-eau
1027,Barmston Drain,Barmston Drain,barmston-drain
1028,Barnham Rife,Barnham Rife,barnham-rife
1029,Bartley Water,Bartley Water,bartley-water
1030,Barton Haven,Barton Haven,barton-haven
1031,Batley Beck,Batley Beck,batley-beck
1032,Bear Brook,Bear Brook,bear-brook
1033,Beaulieu River,Beaulieu River,beaulieu-river
1034,Bechan Brook,Bechan Brook,bechan-brook
1035,Bedale Beck,Bedale Beck,bedale-beck
1036,Bedburn Beck,Bedburn Beck,bedburn-beck
1037,Beverley Brook,Beverley Brook,beverley-brook
1038,Bickerly Mill Stream,Bickerly Mill Stream,bickerly-mill-stream
1039,Bielby Beck,Bielby Beck,bielby-beck
1040,Billinghay Skirth,Billinghay Skirth,billinghay-skirth
1041,Bin Brook,Bin Brook,bin-brook
1042,Bishop Monkton Beck,Bishop Monkton Beck,bishop-monkton-beck
1043,Black Brook,Black Brook (Leicestershire),black-brook-leicestershire
1999,Black Brook,Black Brook (Yorkshire),black-brook-yorkshire
1044,Blackburn Brook,Blackburn Brook,blackburn-brook
1045,Blackfoss Beck,Blackfoss Beck,blackfoss-beck
1046,Blacup Beck,Blacup Beck,blacup-beck
1047,Bloxham Brook,Bloxham Brook,bloxham-brook
1048,Blue Beck,Blue Beck,blue-beck
1049,Bodmin Town Leat,Bodmin Town Leat,bodmin-town-leat
1050,Bolingey Stream,Bolingey Stream,bolingey-stream
1051,Bosham Stream,Bosham Stream,bosham-stream
1052,Bottle Brook,Bottle Brook,bottle-brook
1053,Boundary Brook,Boundary Brook,boundary-brook
1054,Bourn Brook,Bourn Brook,bourn-brook
1055,Bourne Brook,Bourne Brook,bourne-brook
1056,Bourne Rivulet,Bourne Rivulet,bourne-rivulet
1057,Bow Brook,Bow Brook,bow-brook
1058,Bowmont Water,Bowmont Water,bowmont-water
1059,Bradford Beck,Bradford Beck,bradford-beck
1060,Bradiford Water,Bradiford Water,bradiford-water
1061,Bradley Brook,Bradley Brook,bradley-brook
1062,Bramham Beck,Bramham Beck,bramham-beck
2000,Brampton Beck,Brampton Beck,brampton-beck
1063,Brampton Branch,Brampton Branch,brampton-branch
1064,Bridgehouse Beck,Bridgehouse Beck,bridgehouse-beck
1065,Brinkworth Brook,Brinkworth Brook,brinkworth-brook
1066,Brislington Brook,Brislington Brook,brislington-brook
1068,Broad Fleet,Broad Fleet,broad-fleet
1069,Brompton Beck,Brompton Beck,brompton-beck
1071,Brook Dike,Brook Dike,brook-dike
1072,Brough Beck,Brough Beck,brough-beck
1073,Broughton Beck,Broughton Beck,broughton-beck
1074,Broughton Brook,Broughton Brook,broughton-brook
1075,Browney Dyke,Browney Dyke,browney-dyke
1076,Brownwich Stream,Brownwich Stream,brownwich-stream
1077,Buck Beck,Buck Beck,buck-beck
1078,Budleigh Brook,Budleigh Brook,budleigh-brook
1079,Bulstake Stream,Bulstake Stream,bulstake-stream
1080,Bumpstead Brook,Bumpstead Brook,bumpstead-brook
2023,Burn Valley Beck,Burn Valley Beck,burn-valley-beck
1081,Burrow Beck,Burrow Beck,burrow-beck
1082,Burstow Stream,Burstow Stream,burstow-stream
1083,Burstwick Drain,Burstwick Drain,burstwick-drain
1084,Bury Brook,Bury Brook,bury-brook
1085,Bushy Beck,Bushy Beck,bushy-beck
1086,By Brook,By Brook,by-brook
1087,Caker Stream,Caker Stream,caker-stream
1088,Camlad,Camlad,camlad
1089,Candover Stream,Candover Stream,candover-stream
1090,Canley Brook,Canley Brook,canley-brook
1091,Cannington Brook,Cannington Brook,cannington-brook
1092,Cannon Brook,Cannon Brook,cannon-brook
1093,Canons Brook,Canons Brook,canons-brook
1094,Carnon River,Carnon River,carnon-river
1095,Carr Brook,Carr Brook,carr-brook
1096,Catcliffe Drain,Catcliffe Drain,catcliffe-drain
1097,Ceiriog,Ceiriog,ceiriog
1098,Chad Brook,Chad Brook,chad-brook
1099,Chalgrove Brook,Chalgrove Brook,chalgrove-brook
1100,Charlton Brook,Charlton Brook,charlton-brook
1101,Cheddar Yeo,Cheddar Yeo,cheddar-yeo
1102,Cheriton Stream,Cheriton Stream,cheriton-stream
1104,Chew Stoke Brook,Chew Stoke Brook,chew-stoke-brook
1105,Ching Brook,Ching Brook,ching-brook
1106,Chitterne Brook,Chitterne Brook,chitterne-brook
2015,Church Beck,Church Beck,church-beck
1107,Clackers Brook,Clackers Brook,clackers-brook
1108,Clanfield Brook,Clanfield Brook,clanfield-brook
1109,Clay Coton Brook,Clay Coton Brook,clay-coton-brook
2024,Clennon Valley Watercourse,Clennon Valley Watercourse,clennon-valley-watercourse
1110,Clipstone Brook,Clipstone Brook,clipstone-brook
1111,Clow Beck,Clow Beck,clow-beck
1112,Coal Burn,Coal Burn,coal-burn
1113,Coastal Stream,Coastal Stream,coastal-stream
1114,Cobbins Brook,Cobbins Brook,cobbins-brook
1115,Cock Beck,Cock Beck,cock-beck
1116,Cocker Beck,Cocker Beck,cocker-beck
1117,Cockers Dyke,Cockers Dyke,cockers-dyke
1118,Cockshaw Burn,Cockshaw Burn,cockshaw-burn
1119,Cod Beck,Cod Beck,cod-beck
2025,Cole Brook,Cole Brook,cole-brook
1120,Colliters Brook,Colliters Brook,colliters-brook
1121,Colne Brook,Colne Brook,colne-brook
1122,Colne Water,Colne Water,colne-water
1123,Combe Haven,Combe Haven,combe-haven
1124,Coney Gut,Coney Gut,coney-gut
1125,Congresbury Yeo,Congresbury Yeo,congresbury-yeo
2001,Costa Beck,Costa Beck,costa-beck
1126,Cove Brook,Cove Brook,cove-brook
1127,Cragg Brook,Cragg Brook,cragg-brook
1128,Cranleigh Waters,Cranleigh Waters,cranleigh-waters
1129,Cripsey Brook,Cripsey Brook,cripsey-brook
1130,Cuckmere & Pevensey Levels,Cuckmere & Pevensey Levels,cuckmere-&-pevensey-levels
1131,Cundall Beck,Cundall Beck,cundall-beck
1132,Cunsey Beck,Cunsey Beck,cunsey-beck
1133,Currymoor Drain,Currymoor Drain,currymoor-drain
1134,Dacre Beck,Dacre Beck,dacre-beck
1135,Danes Stream,Danes Stream,danes-stream
1136,Daniels Brook,Daniels Brook,daniels-brook
1137,Dauntsey Brook,Dauntsey Brook,dauntsey-brook
1138,Dawlish Water,Dawlish Water,dawlish-water
1139,Day Brook,Day Brook,day-brook
1140,De Lank River,De Lank River,de-lank-river
1141,Dean,Dean,dean
1142,Dean Bottom Beck,Dean Bottom Beck,dean-bottom-beck
2016,Dean Burn,Dean Burn,dean-burn
1143,Deans Brook,Deans Brook,deans-brook
1144,Dimore Brook,Dimore Brook,dimore-brook
1145,Docken's Water,Docken's Water,docken's-water
1146,Dollis Brook,Dollis Brook,dollis-brook
1147,Doniford Stream,Doniford Stream,doniford-stream
1148,Dorcan Brook,Dorcan Brook,dorcan-brook
1149,River Frome,River Frome (Dorset),river-frome-dorset
1150,Dover Beck,Dover Beck,dover-beck
1151,Dovers Brook,Dovers Brook,dovers-brook
1152,Dowles Brook,Dowles Brook,dowles-brook
1153,Dragley Beck,Dragley Beck,dragley-beck
2002,Dulas Brook,Dulas Brook,dulas-brook
1154,Ea Beck,Ea Beck,ea-beck
1155,Eagley Brook,Eagley Brook,eagley-brook
1156,Earby Beck,Earby Beck,earby-beck
1157,East Clandon Stream,East Clandon Stream,east-clandon-stream
1158,East Dart River,East Dart River,east-dart-river
1159,East Fen Catchwater,East Fen Catchwater,east-fen-catchwater
1160,East Glen River,East Glen River,east-glen-river
1161,East Lyn River,East Lyn River,east-lyn-river
1162,East Okement River,East Okement River,east-okement-river
1163,East Stour,East Stour (Kent),east-stour-kent
1164,East Wilder Brook,East Wilder Brook,east-wilder-brook
1165,Eastburn Beck,Eastburn Beck,eastburn-beck
1166,Eastern Yar,Eastern Yar,eastern-yar
1167,Edgware Brook,Edgware Brook,edgware-brook
1168,Egginton Brook,Egginton Brook,egginton-brook
1169,Eller Beck,Eller Beck,eller-beck
1170,Elvington Beck,Elvington Beck,elvington-beck
1171,Emm Brook,Emm Brook,emm-brook
1172,Emral Brook,Emral Brook,emral-brook
1173,Endon Brook,Endon Brook,endon-brook
1174,Eridge Stream,Eridge Stream,eridge-stream
1175,Ewelme Brook,Ewelme Brook,ewelme-brook
1176,Exminster Marshes,Exminster Marshes,exminster-marshes
1177,Farnley Beck,Farnley Beck,farnley-beck
1178,Fenay Beck,Fenay Beck,fenay-beck
1179,Ferring Rife,Ferring Rife,ferring-rife
1180,Field Drain,Field Drain,field-drain
1181,Finham Brook,Finham Brook,finham-brook
1182,Fishlake Stream,Fishlake Stream,fishlake-stream
1183,Fleet Drain,Fleet Drain,fleet-drain
1184,Flood Channel,Flood Channel,flood-channel
1185,Ford Brook,Ford Brook,ford-brook
1186,Ford Green Brook,Ford Green Brook,ford-green-brook
2017,Ford Stream,Ford Stream,ford-stream
1187,Fosdyke Canal,Fosdyke Canal,fosdyke-canal
1188,Foston Beck,Foston Beck,foston-beck
1189,Foston Brook,Foston Brook,foston-brook
1190,Foudry Brook,Foudry Brook,foudry-brook
1191,Fowlea Brook,Fowlea Brook,fowlea-brook
1192,Fowler Bridge Drain,Fowler Bridge Drain,fowler-bridge-drain
1193,Frays River,Frays River,frays-river
1194,Frodingham Beck,Frodingham Beck,frodingham-beck
1195,Gaddesby Brook,Gaddesby Brook,gaddesby-brook
1196,Gatwick Stream,Gatwick Stream,gatwick-stream
1197,Gauze Brook,Gauze Brook,gauze-brook
1198,Gelyn,Gelyn,gelyn
1199,Gilwiskaw Brook,Gilwiskaw Brook,gilwiskaw-brook
1200,Ginge Brook,Ginge Brook,ginge-brook
1201,Glaze Brook,Glaze Brook,glaze-brook
1202,Glen Stream,Glen Stream,glen-stream
1203,Glenridding Beck,Glenridding Beck,glenridding-beck
1204,Glossop Brook,Glossop Brook,glossop-brook
1206,Gowdall Ings,Gowdall Ings,gowdall-ings
1207,Grace Dieu Brook,Grace Dieu Brook,grace-dieu-brook
1208,Great Stour,Great Stour (Kent),great-stour-kent
1209,Green Dyke,Green Dyke,green-dyke
1210,Grimescar Dike,Grimescar Dike,grimescar-dike
1211,Gurnard Luck,Gurnard Luck,gurnard-luck
1212,Gwyle,Gwyle,gwyle
1213,Gypsey Race,Gypsey Race,gypsey-race
1214,Hagnaby Beck,Hagnaby Beck,hagnaby-beck
2026,Halford Stream,Halford Stream,halford-stream
1215,Halse Water,Halse Water,halse-water
1216,Harpers Brook,Harpers Brook,harpers-brook
1217,Hart Burn,Hart Burn,hart-burn
1218,Hartburn Beck,Hartburn Beck,hartburn-beck
1219,Harwood Beck,Harwood Beck,harwood-beck
1220,Hatherley Brook,Hatherley Brook,hatherley-brook
1221,Haweswater Beck,Haweswater Beck,haweswater-beck
1222,Hawkcombe Stream,Hawkcombe Stream,hawkcombe-stream
1223,Heacham River,Heacham River,heacham-river
1224,Hebble Brook,Hebble Brook,hebble-brook
1225,Hebden Water,Hebden Water,hebden-water
1226,Heighington Beck,Heighington Beck,heighington-beck
2027,Hele Stream,Hele Stream,hele-stream
1227,Hellifield Beck,Hellifield Beck,hellifield-beck
1228,Henmore Brook,Henmore Brook,henmore-brook
1229,Hermitage Stream,Hermitage Stream,hermitage-stream
2028,Higher Brixham Watercourse,Higher Brixham Watercourse,higher-brixham-watercourse
1231,Hillfarrance Brook,Hillfarrance Brook,hillfarrance-brook
1232,Hilton Brook,Hilton Brook,hilton-brook
1233,Hinksey Stream,Hinksey Stream,hinksey-stream
1234,Hodge Beck,Hodge Beck,hodge-beck
1235,Hoe Stream,Hoe Stream,hoe-stream
1236,Hogsmill River,Hogsmill River,hogsmill-river
1237,Hol Beck,Hol Beck,hol-beck
1238,Holderness Drain,Holderness Drain,holderness-drain
1239,Holgate Beck,Holgate Beck,holgate-beck
1240,Holme Brook,Holme Brook,holme-brook
1241,Honddu,Honddu,honddu
1242,Horner Water,Horner Water,horner-water
1243,Horsbere Brook,Horsbere Brook,horsbere-brook
1244,Hovingham Beck,Hovingham Beck,hovingham-beck
1245,Hughenden Stream,Hughenden Stream,hughenden-stream
1246,Huish Level Rhyne,Huish Level Rhyne,huish-level-rhyne
1247,Huntingfield Watercourse,Huntingfield Watercourse,huntingfield-watercourse
1248,Ifield Brook,Ifield Brook,ifield-brook
2003,Illey Brook,Illey Brook,illey-brook
1249,Ings Beck,Ings Beck,ings-beck
1250,Irfon,Irfon,irfon
1251,Ithon,Ithon,ithon
1252,Jubilee River,Jubilee River,jubilee-river
1253,Kelbrook Beck,Kelbrook Beck,kelbrook-beck
1254,Kenwith Stream,Kenwith Stream,kenwith-stream
1255,Kielder Burn,Kielder Burn,kielder-burn
1256,Killhope Burn,Killhope Burn,killhope-burn
1257,Kilton Beck,Kilton Beck,kilton-beck
2018,Kingsbridge North Watercourse,Kingsbridge North Watercourse,kingsbridge-north-watercourse
1259,Kingsclere Brook,Kingsclere Brook,kingsclere-brook
2004,Knoll Beck,Knoll Beck,knoll-beck
2029,Knowle Stream,Knowle Stream,knowle-stream
1260,Kyd Brook,Kyd Brook,kyd-brook
1261,Kyd Brook (East Branch),Kyd Brook (East Branch),kyd-brook-east-branch
1262,Kyre Brook,Kyre Brook,kyre-brook
1263,Laceby Beck,Laceby Beck,laceby-beck
1264,Landkey Brook,Landkey Brook,landkey-brook
1265,Lands Beck,Lands Beck,lands-beck
1266,Langford Brook,Langford Brook,langford-brook
1267,Lariggan River,Lariggan River,lariggan-river
1268,Law Brook,Law Brook,law-brook
1269,Ledwyche Brook,Ledwyche Brook,ledwyche-brook
1270,Leigh Brook,Leigh Brook,leigh-brook
1271,Letcombe Brook,Letcombe Brook,letcombe-brook
1272,Levisham Beck,Levisham Beck,levisham-beck
1273,Lilley Brook,Lilley Brook,lilley-brook
1274,Limey Water,Limey Water,limey-water
1275,Little Avon River,Little Avon River,little-avon-river
1276,Little Dart River,Little Dart River,little-dart-river
1277,Little Salt Moor Rhyne,Little Salt Moor Rhyne,little-salt-moor-rhyne
1278,Little Stour,Little Stour,little-stour
1279,Littlemead Brook,Littlemead Brook,littlemead-brook
1280,Litton Cheney Stream,Litton Cheney Stream,litton-cheney-stream
1281,Lledan Brook,Lledan Brook,lledan-brook
1282,Llynfi,Llynfi,llynfi
1283,Lochinvar Beck,Lochinvar Beck,lochinvar-beck
1284,Long brook,Long brook,long-brook
1285,Longload Main Drain,Longload Main Drain,longload-main-drain
1286,Longwood Brook,Longwood Brook,longwood-brook
1287,Low Moor Beck,Low Moor Beck,low-moor-beck
1288,Lukely Brook,Lukely Brook,lukely-brook
1289,Lustrum Beck,Lustrum Beck,lustrum-beck
1290,Lyme Brook,Lyme Brook,lyme-brook
1291,Lymington,Lymington,lymington
1292,Maidenhead Ditch,Maidenhead Ditch,maidenhead-ditch
1293,Manacan River,Manacan River,manacan-river
1294,Mangerton Brook,Mangerton Brook,mangerton-brook
1295,Marchington Brook,Marchington Brook,marchington-brook
2030,Marsh Water,Marsh Water,marsh-water
1296,Marston Meysey Brook,Marston Meysey Brook,marston-meysey-brook
1297,Marton West Beck,Marton West Beck,marton-west-beck
1298,Maud Foster/Stonebridge Drain,Maud Foster/Stonebridge Drain,maud-foster/stonebridge-drain
1299,Meadlake Ditch,Meadlake Ditch,meadlake-ditch
1300,Meanwood Beck,Meanwood Beck,meanwood-beck
1301,Mearley Brook,Mearley Brook,mearley-brook
1302,Medbourne Brook,Medbourne Brook,medbourne-brook
1303,Meece Brook,Meece Brook,meece-brook
2031,Meers Brook,Meers Brook,meers-brook
1304,Mells River,Mells River,mells-river
1305,Merrow Common Stream,Merrow Common Stream,merrow-common-stream
1306,Mevagissey Stream,Mevagissey Stream,mevagissey-stream
1307,Mickley Dyke,Mickley Dyke,mickley-dyke
1308,Midford Brook,Midford Brook,midford-brook
1309,Mill Beck,Mill Beck (Back Delphin),mill-beck-back-delphin
1310,Mill Beck,Mill Beck (Derwent),mill-beck-derwent
1311,Mill Bourne,Mill Bourne,mill-bourne
2006,Mill Brook,Mill Brook (Devon),mill-brook-devon
2005,Mill Brook,Mill Brook (Herefordshire),mill-brook-herefordshire
1312,Mill Brook,Mill Brook (Oxfordshire),mill-brook-oxfordshire
1313,Mimmshall Brook,Mimmshall Brook,mimmshall-brook
1314,Mires Beck,Mires Beck,mires-beck
1315,Monk Dyke,Monk Dyke,monk-dyke
1316,Monks Brook,Monks Brook,monks-brook
1317,Monksilver Stream,Monksilver Stream,monksilver-stream
1318,Monktonmead Brook,Monktonmead Brook,monktonmead-brook
1319,Monnow,Monnow,monnow
1320,Moors Burn,Moors Burn,moors-burn
1321,Moors River,Moors River,moors-river
1322,Mutton Brook,Mutton Brook,mutton-brook
1323,Nailbourne,Nailbourne,nailbourne
1324,Nazeing Brook,Nazeing Brook,nazeing-brook
1325,Netherley Brook,Netherley Brook,netherley-brook
1326,Nettleham Beck,Nettleham Beck,nettleham-beck
1327,New Cut,New Cut,new-cut
1328,Norbury Brook,Norbury Brook,norbury-brook
1329,North Drain,North Drain,north-drain
1330,Northmoor Main Drain,Northmoor Main Drain,northmoor-main-drain
1331,Nunney Brook,Nunney Brook,nunney-brook
1332,Oakenshaw Beck,Oakenshaw Beck,oakenshaw-beck
1333,Oakington Brook,Oakington Brook,oakington-brook
1334,Oakley Cross Beck,Oakley Cross Beck,oakley-cross-beck
1335,Ogden Brook,Ogden Brook,ogden-brook
2007,Oil Mill Beck,Oil Mill Beck,oil-mill-beck
1336,Old Bedford River,Old Bedford River,old-bedford-river
1337,Old Mill Stream,Old Mill Stream,old-mill-stream
1338,Oldbury Naite Rhyne,Oldbury Naite Rhyne,oldbury-naite-rhyne
1339,Ormesby Beck,Ormesby Beck,ormesby-beck
2019,Otterton Brook,Otterton Brook,otterton-brook
1340,Oulton Beck,Oulton Beck,oulton-beck
1341,Ouse Burn,Ouse Burn,ouse-burn
2020,Ouse Dyke,Ouse Dyke,ouse-dyke
1342,Ousemere Lode,Ousemere Lode,ousemere-lode
1343,Oxlease Drain,Oxlease Drain,oxlease-drain
1344,Par River,Par River,par-river
2032,Parham Beck,Parham Beck,parham-beck
2033,Pearl Brook,Pearl Brook,pearl-brook
1345,Penberth Stream,Penberth Stream,penberth-stream
1346,Pendle Water,Pendle Water,pendle-water
1347,Pent Stream,Pent Stream,pent-stream
1348,Perrancombe Stream,Perrancombe Stream,perrancombe-stream
1349,Petersfield Stream,Petersfield Stream,petersfield-stream
1350,Petty's Brook,Petty's Brook,petty's-brook
1351,Pickering Beck,Pickering Beck,pickering-beck
1352,Picknall Brook,Picknall Brook,picknall-brook
1353,Piddle Brook,Piddle Brook,piddle-brook
1354,Pillhill Brook,Pillhill Brook,pillhill-brook
1355,Pimlico Brook,Pimlico Brook,pimlico-brook
1356,Pincey Brook,Pincey Brook,pincey-brook
1357,Pishiobury Brook,Pishiobury Brook,pishiobury-brook
1358,Pocklington Beck,Pocklington Beck,pocklington-beck
1359,Pointon Lode,Pointon Lode,pointon-lode
1360,Porter Brook,Porter Brook,porter-brook
1361,Poyle Channel,Poyle Channel,poyle-channel
1362,Poynton Brook,Poynton Brook,poynton-brook
1363,Praze Stream,Praze Stream,praze-stream
1364,Priorpot Beck,Priorpot Beck,priorpot-beck
1365,Pyl Brook,Pyl Brook,pyl-brook
1366,Pymmes Brook,Pymmes Brook,pymmes-brook
1367,Quy Water,Quy Water,quy-water
1368,Radlett Brook,Radlett Brook,radlett-brook
1369,Rags Brook,Rags Brook,rags-brook
1370,Rattlesden River,Rattlesden River,rattlesden-river
1371,Rea Brook,Rea Brook,rea-brook
1372,Red,Red (Cornwall),red-cornwall
1373,Red,Red (Hertfordshire),red-hertfordshire
1374,Redhill Brook,Redhill Brook,redhill-brook
1375,Ridings Brook,Ridings Brook,ridings-brook
1377,Rising Brook,Rising Brook,rising-brook
1378,River Adur,River Adur,river-adur
1379,River Aire,River Aire,river-aire
1380,River Alde,River Alde,river-alde
1382,River Allen,River Allen (Cornwall North),river-allen-cornwall-north
1383,River Allen,River Allen (Cornwall South),river-allen-cornwall-south
1381,River Allen,River Allen (Dorset),river-allen-dorset
1384,River Aller,River Aller,river-aller
1385,River Alne,River Alne,river-alne
1386,River Alre,River Alre,river-alre
1387,River Alt,River Alt,river-alt
1388,River Alver,River Alver,river-alver
1389,River Amber,River Amber,river-amber
1390,River Ancholme,River Ancholme,river-ancholme
1391,River Anker,River Anker,river-anker
1392,River Ant,River Ant,river-ant
1393,River Anton,River Anton,river-anton
1394,River Arrow,River Arrow (Herefordshire),river-arrow-herefordshire
1395,River Arrow,River Arrow (Warwickshire),river-arrow-warwickshire
1396,River Arun,River Arun,river-arun
1397,River Ash,River Ash (Hertfordshire),river-ash-hertfordshire
1398,River Ash,River Ash (Middlesex),river-ash-middlesex
1399,River Ashburn,River Ashburn,river-ashburn
1400,River Asker,River Asker,river-asker
1404,River Avon,River Avon (Bristol),river-avon-bristol
1405,River Avon,River Avon (Corsham),river-avon-corsham
1403,River Avon,River Avon (Devon),river-avon-devon
1401,River Avon,River Avon (Hampshire),river-avon-hampshire
1402,River Avon,River Avon (Warwickshire),river-avon-warwickshire
1407,River Axe,River Axe (Devon),river-axe-devon
1406,River Axe,River Axe (Somerset),river-axe-somerset
1408,River Bain,River Bain,river-bain
1409,River Banwy,River Banwy,river-banwy
1410,River Barle,River Barle,river-barle
1411,River Batherm,River Batherm,river-batherm
1412,River Beal,River Beal,river-beal
1413,River Beam,River Beam,river-beam
1414,River Beane,River Beane,river-beane
1415,River Beult,River Beult,river-beult
1416,River Bela,River Bela,river-bela
1417,River Birket,River Birket,river-birket
1418,River Biss,River Biss,river-biss
1420,River Blackwater,River Blackwater (Essex),river-blackwater-essex
1421,River Blackwater,River Blackwater (Loddon),river-blackwater-loddon
1419,River Blackwate,River Blackwater (New Forest),river-blackwater-new-forest
1422,River Blakewater,River Blakewater,river-blakewater
1423,River Blithe,River Blithe,river-blithe
1424,River Blyth,River Blyth,river-blyth
1425,River Blythe,River Blythe,river-blythe
1426,River Bollin,River Bollin,river-bollin
1000,River Bourne,River Bourne (Addlestone),river-bourne-addlestone
1103,River Bourne,River Bourne (Chertsey),river-bourne-chertsey
1428,River Bourne,River Bourne (Kent),river-bourne-kent
1427,River Bourne,River Bourne (Wiltshire),river-bourne-wiltshire
1429,River Bovey,River Bovey,river-bovey
2008,River Bovey Wifford Tributary,River Bovey Wifford Tributary,river-bovey-wifford-tributary
1430,River Box,River Box,river-box
1431,River Boyd,River Boyd,river-boyd
1432,River Brain,River Brain,river-brain
1433,River Brant,River Brant,river-brant
1434,River Brathay,River Brathay,river-brathay
1435,River Bray,River Bray,river-bray
1436,River Brede,River Brede,river-brede
1437,River Brent,River Brent,river-brent
1438,River Brett,River Brett,river-brett
1439,River Bride,River Bride,river-bride
1440,River Brit,River Brit,river-brit
1441,River Brock,River Brock,river-brock
1442,River Browney,River Browney,river-browney
1443,River Brue,River Brue,river-brue
1444,River Brun,River Brun,river-brun
1445,River Bulbourne,River Bulbourne,river-bulbourne
1446,River Bull,River Bull,river-bull
1447,River Bure,River Bure,river-bure
1448,River Burn,River Burn,river-burn
1449,River Dudwell,River Dudwell,river-dudwell
1450,River Caen,River Caen,river-caen
1451,River Cain,River Cain,river-cain
1453,River Calder,River Calder (Cumbria),river-calder-cumbria
1454,River Calder,River Calder (Lancashire),river-calder-lancashire
1452,River Calder,River Calder (Yorkshire),river-calder-yorkshire
1455,River Caldew,River Caldew,river-caldew
1456,River Cale,River Cale,river-cale
1458,River Cam,River Cam (Cambridgeshire),river-cam-cambridgeshire
1457,River Cam,River Cam (Severn),river-cam-severn
1459,River Cam,River Cam (Somerset),river-cam-somerset
1460,River Camel,River Camel,river-camel
1461,River Can,River Can,river-can
1462,River Char,River Char,river-char
1463,River Chater,River Chater,river-chater
1464,River Chelmer,River Chelmer,river-chelmer
1465,River Chelt,River Chelt,river-chelt
1466,River Cherwell,River Cherwell,river-cherwell
1467,River Chess,River Chess,river-chess
1468,River Chew,River Chew,river-chew
1469,River Churn,River Churn,river-churn
1470,River Churnet,River Churnet,river-churnet
1471,River Clyst,River Clyst,river-clyst
1472,River Clywedog,River Clywedog,river-clywedog
1473,River Cober,River Cober,river-cober
1474,River Cocker,River Cocker,river-cocker
1475,River Cole,River Cole (Staffordshire),river-cole-staffordshire
1476,River Cole,River Cole (Wiltshire),river-cole-wiltshire
1477,River Coln,River Coln,river-coln
1480,River Colne,River Colne (Essex),river-colne-essex
1478,River Colne,River Colne (Hertfordshire),river-colne-hertfordshire
1479,River Colne,River Colne (Yorkshire),river-colne-yorkshire
1481,River Coly,River Coly,river-coly
1482,River Conder,River Conder,river-conder
1483,River Coquet,River Coquet,river-coquet
1484,River Corve,River Corve,river-corve
1485,River Crake,River Crake,river-crake
1486,River Crane,River Crane,river-crane
1487,River Cray,River Cray,river-cray
1488,River Creedy,River Creedy,river-creedy
1489,River Crimple,River Crimple,river-crimple
1490,River Croal,River Croal,river-croal
1491,River Crouch,River Crouch,river-crouch
1492,River Cuckmere,River Cuckmere,river-cuckmere
1493,River Culm,River Culm,river-culm
1494,River Dane,River Dane,river-dane
1495,River Darent,River Darent,river-darent
1496,River Dart,River Dart,river-dart
1497,River Darwen,River Darwen,river-darwen
1498,River Dearne,River Dearne,river-dearne
1499,River Deben,River Deben,river-deben
1500,River Dee,River Dee,river-dee
1502,River Dene,River Dene (Gloucestershire),river-dene-gloucestershire
1501,River Dene,River Dene (Warwickshire),river-dene-warwickshire
1506,River Derwent,River Derwent (Cumbria),river-derwent-cumbria
1505,River Derwent,River Derwent (Derbyshire),river-derwent-derbyshire
1504,River Derwent,River Derwent (Northumberland),river-derwent-northumberland
1503,River Derwent,River Derwent (Yorkshire),river-derwent-yorkshire
1507,River Dever,River Dever,river-dever
1508,River Devon,River Devon,river-devon
1509,River Dikler,River Dikler,river-dikler
1510,River Doe Lea,River Doe Lea,river-doe-lea
1511,River Don,River Don,river-don
1512,River Dore,River Dore,river-dore
1513,River Douglas,River Douglas,river-douglas
1514,River Dour,River Dour,river-dour
1515,River Dove,River Dove (North Yorkshire),river-dove-north-yorkshire
1517,River Dove,River Dove (South Yorkshire),river-dove-south-yorkshire
1516,River Dove,River Dove (Staffordshire),river-dove-staffordshire
1518,River Drone,River Drone,river-drone
1519,River Duddon,River Duddon,river-duddon
1520,River Darwell,River Darwell,river-darwell
1521,River Dulas,River Dulas,river-dulas
1523,River Dun,River Dun (Berkshire),river-dun-berkshire
1522,River Dun,River Dun (Hampshire),river-dun-hampshire
1524,River Eamont,River Eamont,river-eamont
1525,River East Allen,River East Allen,river-east-allen
1526,River Eau,River Eau,river-eau
1527,River Ebble,River Ebble,river-ebble
1528,River Ecclesbourne,River Ecclesbourne,river-ecclesbourne
1529,River Eden,River Eden (Cumbria),river-eden-cumbria
1530,River Eden,River Eden (Kent),river-eden-kent
1531,River Ehen,River Ehen,river-ehen
1532,River Elan,River Elan,river-elan
1533,River Ellen,River Ellen,river-ellen
1534,River Ems,River Ems,river-ems
1535,River Enborne,River Enborne,river-enborne
1536,River Erewash,River Erewash,river-erewash
1537,River Erme,River Erme,river-erme
1538,River Esk,River Esk (North Cumbria),river-esk-north-cumbria
1540,River Esk,River Esk (West Cumbria),river-esk-west-cumbria
1539,River Esk,River Esk (Yorkshire),river-esk-yorkshire
1541,River Etherow,River Etherow,river-etherow
1542,River Evenlode,River Evenlode,river-evenlode
1543,River Exe,River Exe,river-exe
1544,River Fal,River Fal,river-fal
1545,River Flit,River Flit,river-flit
1546,River Font,River Font,river-font
1547,River Foss,River Foss,river-foss
1548,River Foulness,River Foulness,river-foulness
1549,River Fowey,River Fowey,river-fowey
1067,River Frome,River Frome (Bristol),river-frome-bristol
1550,River Frome,River Frome (Severn),river-frome-severn
1551,River Frome,River Frome (Wye),river-frome-wye
1552,River Fromus,River Fromus,river-fromus
1553,River Gade,River Gade,river-gade
1554,River Gannel,River Gannel,river-gannel
1555,River Gaunless,River Gaunless,river-gaunless
1556,River Gelt,River Gelt,river-gelt
1557,River Gipping,River Gipping,river-gipping
1558,River Glem,River Glem,river-glem
1559,River Glen,River Glen,river-glen
1560,River Glenderamackin,River Glenderamackin,river-glenderamackin
1561,River Glyme,River Glyme,river-glyme
1562,River Gowan,River Gowan,river-gowan
1563,River Gowy,River Gowy,river-gowy
1564,River Goyt,River Goyt,river-goyt
1565,River Granta,River Granta,river-granta
1566,River Graveney,River Graveney,river-graveney
1567,River Great Ouse,River Great Ouse,river-great-ouse
1568,River Greet,River Greet,river-greet
1569,River Greta,River Greta (Cumbria),river-greta-cumbria
1570,River Greta,River Greta (Durham),river-greta-durham
1571,River Haddeo,River Haddeo,river-haddeo
1572,River Hamble,River Hamble,river-hamble
1573,River Hamps,River Hamps,river-hamps
1574,River Harbourne,River Harbourne,river-harbourne
1575,River Hart,River Hart,river-hart
1576,River Hayle,River Hayle,river-hayle
1577,River Hindburn,River Hindburn,river-hindburn
1578,River Hipper,River Hipper,river-hipper
1579,River Hiz,River Hiz,river-hiz
1580,River Hodder,River Hodder,river-hodder
1581,River Holme,River Holme,river-holme
1582,River Hooke,River Hooke,river-hooke
1583,River Hull,River Hull,river-hull
1584,River Hyndburn,River Hyndburn,river-hyndburn
2036,River Idle,River Idle,river-idle
1585,River Ingrebourne,River Ingrebourne,river-ingrebourne
1586,River Inny,River Inny,river-inny
1587,River Irk,River Irk,river-irk
1588,River Irt,River Irt,river-irt
1589,River Irthing,River Irthing,river-irthing
1590,River Irwell,River Irwell,river-irwell
1591,River Isbourne,River Isbourne,river-isbourne
1592,River Ise,River Ise,river-ise
1593,River Isle,River Isle,river-isle
1594,River Itchen,River Itchen (Hampshire),river-itchen-hampshire
1595,River Itchen,River Itchen (Warwickshire),river-itchen-warwickshire
1596,River Ivel,River Ivel,river-ivel
1597,River Jordan,River Jordan,river-jordan
1598,River Keekle,River Keekle,river-keekle
1599,River Keer,River Keer,river-keer
1600,River Kenn Tributary,River Kenn Tributary,river-kenn-tributary
1601,River Kennall,River Kennall,river-kennall
1602,River Kennet,River Kennet,river-kennet
1603,River Kennett,River Kennett,river-kennett
1604,River Kensey,River Kensey,river-kensey
1605,River Kent,River Kent,river-kent
1606,River Kenwyn,River Kenwyn,river-kenwyn
1607,River Key,River Key,river-key
1608,River Kyle,River Kyle,river-kyle
1609,River Kym,River Kym,river-kym
1610,River Lambourn,River Lambourn,river-lambourn
1611,River Lark,River Lark,river-lark
1613,River Lavant,River Lavant (Hampshire),river-lavant-hampshire
1612,River Lavant,River Lavant (Sussex),river-lavant-sussex
1614,River Laver,River Laver,river-laver
1618,River Lea,River Lea,river-lea
1615,River Leach,River Leach,river-leach
1616,River Leadon,River Leadon,river-leadon
1617,River Leam,River Leam,river-leam
1619,River Leen,River Leen,river-leen
1620,River Lemon,River Lemon,river-lemon
1621,River Leven,River Leven (Cumbria),river-leven-cumbria
1622,River Leven,River Leven (Yorkshire),river-leven-yorkshire
1623,River Lew,River Lew,river-lew
1624,River Lim,River Lim,river-lim
1625,River Lin,River Lin,river-lin
1626,River Little Ouse,River Little Ouse,river-little-ouse
1627,River Lod,River Lod,river-lod
1628,River Loddon,River Loddon,river-loddon
1629,River Lostock,River Lostock,river-lostock
1630,River Lowman,River Lowman,river-lowman
1631,River Lowther,River Lowther,river-lowther
1632,River Lox,River Lox,river-lox
1633,River Loxley,River Loxley,river-loxley
1634,River Lud,River Lud,river-lud
1635,River Lugg,River Lugg,river-lugg
1636,River Lune,River Lune,river-lune
1638,River Lyd,River Lyd (Devon),river-lyd-devon
1637,River Lyd,River Lyd (Gloucestershire),river-lyd-gloucestershire
1639,River Lydden,River Lydden,river-lydden
1640,River Lymn,River Lymn,river-lymn
1641,River Lynher,River Lynher,river-lynher
1642,River Manifold,River Manifold,river-manifold
1643,River Marden,River Marden,river-marden
1644,River Mardle,River Mardle,river-mardle
1645,River Maun,River Maun,river-maun
1646,River Mease,River Mease,river-mease
1647,River Meden,River Meden,river-meden
1648,River Medina,River Medina,river-medina
1649,River Medlock,River Medlock,river-medlock
1650,River Medway,River Medway,river-medway
1651,River Meese,River Meese,river-meese
1652,River Meon,River Meon,river-meon
1653,River Mersey,River Mersey,river-mersey
1654,River Mimram,River Mimram,river-mimram
1655,River Mint,River Mint,river-mint
1656,River Misbourne,River Misbourne,river-misbourne
1657,River Mole,River Mole (Devon),river-mole-devon
1658,River Mole,River Mole (Surrey),river-mole-surrey
1659,River Nadder,River Nadder,river-nadder
1660,River Nar,River Nar,river-nar
1661,River Neet,River Neet,river-neet
1662,River Nene,River Nene,river-nene
1663,River Nidd,River Nidd,river-nidd
1664,River North Lew,River North Lew,river-north-lew
1665,River North Tyne,River North Tyne,river-north-tyne
1666,River Ock,River Ock,river-ock
1667,River Og,River Og,river-og
1668,River Okement,River Okement,river-okement
1669,River Onny,River Onny,river-onny
1670,River Ore,River Ore,river-ore
1671,River Otter,River Otter,river-otter
1672,River Ottery,River Ottery,river-ottery
1673,River Ouse,River Ouse (Sussex),river-ouse-sussex
1674,River Ouse,River Ouse (Yorkshire),river-ouse-yorkshire
1675,River Ouzel,River Ouzel,river-ouzel
1676,River Pang,River Pang,river-pang
1677,River Pant,River Pant,river-pant
1678,River Parrett,River Parrett,river-parrett
1679,River Penk,River Penk,river-penk
1680,River Perry,River Perry,river-perry
1681,River Petteril,River Petteril,river-petteril
1682,River Piddle,River Piddle,river-piddle
1683,River Pinn,River Pinn,river-pinn
1684,River Plym,River Plym,river-plym
1685,River Pol,River Pol,river-pol
1686,River Pont,River Pont,river-pont
1687,River Pool,River Pool,river-pool
1688,River Poulter,River Poulter,river-poulter
1689,River Quaggy,River Quaggy,river-quaggy
1690,River Quin,River Quin,river-quin
1691,River Rase,River Rase,river-rase
1692,River Ravensbourne,River Ravensbourne,river-ravensbourne
1693,River Ravensbourne (East branch),River Ravensbourne (East branch),river-ravensbourne-east-branch
1694,River Rawthey,River Rawthey,river-rawthey
1695,River Ray,River Ray,river-ray
1697,River Rea,River Rea (Shropshire),river-rea-shropshire
1696,River Rea,River Rea (West Midlands),river-rea-west-midlands
1698,River Rede,River Rede,river-rede
1699,River Rhee,River Rhee,river-rhee
1700,River Rib,River Rib,river-rib
1701,River Ribble,River Ribble,river-ribble
1702,River Riccal,River Riccal,river-riccal
1703,River Roch,River Roch,river-roch
1704,River Roden,River Roden,river-roden
1705,River Roding,River Roding,river-roding
1706,River Rom,River Rom,river-rom
1707,River Rothay,River Rothay,river-rothay
1708,River Rother,River Rother (Kent),river-rother-kent
1710,River Rother,River Rother (Sussex),river-rother-sussex
1709,River Rother,River Rother (Yorkshire),river-rother-yorkshire
1711,River Ryburn,River Ryburn,river-ryburn
1712,River Rye,River Rye,river-rye
1713,River Ryton,River Ryton,river-ryton
1714,River Salwarpe,River Salwarpe,river-salwarpe
1715,River Seaton,River Seaton,river-seaton
1716,River Sence,River Sence (Leicestershire),river-sence-leicestershire
1717,River Sence,River Sence (West Leicestershire),river-sence-west-leicestershire
1718,River Seven,River Seven,river-seven
1719,River Severn,River Severn,river-severn
1720,River Shalbourne,River Shalbourne,river-shalbourne
1721,River Sheaf,River Sheaf,river-sheaf
1722,River Sheppey,River Sheppey,river-sheppey
1723,River Sherbourne,River Sherbourne,river-sherbourne
1724,River Shuttle,River Shuttle,river-shuttle
1725,River Sid,River Sid,river-sid
1726,River Skell,River Skell,river-skell
1727,River Skerne,River Skerne,river-skerne
1728,River Slea,River Slea,river-slea
1729,River Smite,River Smite,river-smite
1730,River Snail,River Snail,river-snail
1731,River Soar,River Soar,river-soar
1732,River South Tyne,River South Tyne,river-south-tyne
1733,River Sow,River Sow,river-sow
1734,River Sowe,River Sowe,river-sowe
1735,River Sowy,River Sowy,river-sowy
1736,River Sprint,River Sprint,river-sprint
1737,River Steeping,River Steeping,river-steeping
1738,River Stennack,River Stennack,river-stennack
1739,River Stert,River Stert,river-stert
1740,River Stiffkey,River Stiffkey,river-stiffkey
1741,River Stort,River Stort,river-stort
1743,River Stour,River Stour (Dorset),river-stour-dorset
1744,River Stour,River Stour (Essex),river-stour-essex
1745,River Stour,River Stour (Warwickshire),river-stour-warwickshire
1742,River Stour,River Stour (Worcestershire),river-stour-worcestershire
1746,River Strat,River Strat,river-strat
1747,River Strine,River Strine,river-strine
1748,River Swale,River Swale,river-swale
1749,River Swarbourne,River Swarbourne,river-swarbourne
1751,River Swift,River Swift (Hampshire),river-swift-hampshire
1750,River Swift,River Swift (Warwickshire),river-swift-warwickshire
1752,River Tale,River Tale,river-tale
1753,River Tamar,River Tamar,river-tamar
1755,River Tame,River Tame (Greater Manchester),river-tame-greater-manchester
1754,River Tame,River Tame (West Midlands),river-tame-west-midlands
1756,River Tanat,River Tanat,river-tanat
1757,River Tavy,River Tavy,river-tavy
1758,River Taw,River Taw,river-taw
1759,River Team,River Team,river-team
1760,River Tean,River Tean,river-tean
1761,River Tees,River Tees,river-tees
1762,River Teign,River Teign,river-teign
1763,River Teise,River Teise,river-teise
1764,River Teme,River Teme,river-teme
1765,River Tern,River Tern,river-tern
1766,River Test,River Test,river-test
1767,River Thame,River Thame,river-thame
1768,River Thames,River Thames,river-thames
1769,River Thet,River Thet,river-thet
1770,River Thrushel,River Thrushel,river-thrushel
1771,River Thurne,River Thurne,river-thurne
1772,River Tiddy,River Tiddy,river-tiddy
1774,River Till,River Till (Lincolnshire),river-till-lincolnshire
1773,River Till,River Till (Northumberland),river-till-northumberland
1775,River Tillingbourne,River Tillingbourne,river-tillingbourne
1776,River Tillingham,River Tillingham,river-tillingham
1777,River Tone,River Tone,river-tone
1778,River Torridge,River Torridge,river-torridge
1779,River Tove,River Tove,river-tove
1780,River Trent,River Trent,river-trent
1781,River Tud,River Tud,river-tud
1782,River Tutt,River Tutt,river-tutt
1783,River Tweed,River Tweed,river-tweed
1784,River Twyver,River Twyver,river-twyver
1785,River Tyne,River Tyne,river-tyne
1786,River Uck,River Uck,river-uck
1787,River Umber,River Umber,river-umber
1788,River Ure,River Ure,river-ure
1789,River Valency,River Valency,river-valency
1790,River Ver,River Ver,river-ver
1791,River Vyrnwy,River Vyrnwy,river-vyrnwy
1792,River Waldon,River Waldon,river-waldon
1793,River Walkham,River Walkham,river-walkham
1795,River Wallington,River Wallington (Cambridgeshire),river-wallington-cambridgeshire
1794,River Wallington,River Wallington (Hampshire),river-wallington-hampshire
1796,River Wandle,River Wandle,river-wandle
1797,River Wansbeck,River Wansbeck,river-wansbeck
1798,River Waring,River Waring,river-waring
1799,River Waveney,River Waveney,river-waveney
1800,River Wear,River Wear,river-wear
1801,River Weaver,River Weaver,river-weaver
1802,River Welland,River Welland,river-welland
1803,River Wenning,River Wenning,river-wenning
1804,River Wensum,River Wensum,river-wensum
1805,River Went,River Went,river-went
1806,River West Allen,River West Allen,river-west-allen
1807,River Wey,River Wey (Dorset),river-wey-dorset
1808,River Wey,River Wey (Surrey),river-wey-surrey
1809,River Wharfe,River Wharfe,river-wharfe
1810,River Whitewater,River Whitewater,river-whitewater
1811,River Whitting,River Whitting,river-whitting
1812,River Whittle,River Whittle,river-whittle
1813,River Wid,River Wid,river-wid
1814,River Windrush,River Windrush,river-windrush
1815,River Winterbourne,River Winterbourne,river-winterbourne
1816,River Wiske,River Wiske,river-wiske
1817,River Wissey,River Wissey,river-wissey
1818,River Witham,River Witham,river-witham
1819,River Wolf,River Wolf,river-wolf
1820,River Worfe,River Worfe,river-worfe
1821,River Worth,River Worth,river-worth
1822,River Wreake,River Wreake,river-wreake
1823,River Wriggle,River Wriggle,river-wriggle
1827,River Wye,River Wye,river-wye
1825,River Wye,River Wye (Buckinghamshire),river-wye-buckinghamshire
1826,River Wye,River Wye (Derbyshire),river-wye-derbyshire
1828,River Wylye,River Wylye,river-wylye
1829,River Wyre,River Wyre,river-wyre
1830,River Yare,River Yare,river-yare
1831,River Yarrow,River Yarrow,river-yarrow
1832,River Yarty,River Yarty,river-yarty
1833,River Yealm,River Yealm,river-yealm
1836,River Yeo,River Yeo (Creedy),river-yeo-creedy
1835,River Yeo,River Yeo (Lapford),river-yeo-lapford
1834,River Yeo,River Yeo (Somerset),river-yeo-somerset
1837,Roall Dyke,Roall Dyke,roall-dyke
1838,Roe Beck,Roe Beck,roe-beck
1839,Rolleston Brook,Rolleston Brook,rolleston-brook
1840,Rookhope Burn,Rookhope Burn,rookhope-burn
1841,Rothley Brook,Rothley Brook,rothley-brook
1842,Rudhall Brook,Rudhall Brook,rudhall-brook
1843,Ruskington Beck,Ruskington Beck,ruskington-beck
1844,Rye Meads Effluent Channel,Rye Meads Effluent Channel,rye-meads-effluent-channel
2037,Sabden Brook,Sabden Brook,sabden-brook
1846,Salfords Stream,Salfords Stream (Kent),salfords-stream-kent
1845,Salfords Stream,Salfords Stream (Sussex),salfords-stream-sussex
1847,Salmon Brook,Salmon Brook,salmon-brook
1848,Salt Haven,Salt Haven,salt-haven
1849,Sampford Brett Stream,Sampford Brett Stream,sampford-brett-stream
1850,Sandon Brook,Sandon Brook,sandon-brook
1851,Sandy Brook,Sandy Brook,sandy-brook
1852,Sandyford Brook,Sandyford Brook,sandyford-brook
1853,Sankey Brook,Sankey Brook,sankey-brook
1854,Saredon Brook,Saredon Brook,saredon-brook
1855,Scurf Dyke,Scurf Dyke,scurf-dyke
1856,Sea Cut,Sea Cut,sea-cut
1857,Seacourt Stream,Seacourt Stream,seacourt-stream
1858,Selby Dam,Selby Dam,selby-dam
1859,Semington Brook,Semington Brook,semington-brook
2009,Setting Dyke,Setting Dyke,setting-dyke
1860,Shaw Brook Tributary,Shaw Brook Tributary,shaw-brook-tributary
1861,Sherston Avon,Sherston Avon,sherston-avon
1862,Shill Brook,Shill Brook,shill-brook
1863,Shreen Water,Shreen Water,shreen-water
2038,Shutterton Brook,Shutterton Brook,shutterton-brook
1864,Silk Stream,Silk Stream,silk-stream
1865,Silsden Beck,Silsden Beck,silsden-beck
1866,Sincil Dyke,Sincil Dyke,sincil-dyke
1867,Sinderland Brook,Sinderland Brook,sinderland-brook
1868,Skeffling Drain,Skeffling Drain,skeffling-drain
1869,Skirting Beck,Skirting Beck,skirting-beck
1870,Slad Brook,Slad Brook,slad-brook
1871,Smallhope Burn,Smallhope Burn,smallhope-burn
1872,Smestow Brook,Smestow Brook,smestow-brook
1873,Snaith Ings,Snaith Ings,snaith-ings
1874,Snaizeholme Beck,Snaizeholme Beck,snaizeholme-beck
1875,Somborne Stream,Somborne Stream,somborne-stream
1876,River Frome,River Frome (Somerset),river-frome-somerset
1877,Sor Brook,Sor Brook,sor-brook
1878,Sour Beck,Sour Beck,sour-beck
1879,South Brook,South Brook,south-brook
2010,South Cave Beck,South Cave Beck,south-cave-beck
1880,South Forty Foot Drain,South Forty Foot Drain,south-forty-foot-drain
1881,Southcourt Brook,Southcourt Brook,southcourt-brook
1882,Spen Beck,Spen Beck,spen-beck
1883,Spratford Stream,Spratford Stream,spratford-stream
1884,Spring Brook,Spring Brook,spring-brook
1885,St Austell River,St Austell River,st-austell-river
1886,St Blazey Stream,St Blazey Stream,st-blazey-stream
1887,St James Stream,St James Stream,st-james-stream
1888,St Johns Beck,St Johns Beck,st-johns-beck
1889,St Neot River,St Neot River,st-neot-river
1890,Stainfield Beck,Stainfield Beck,stainfield-beck
1891,Stansted Brook,Stansted Brook,stansted-brook
1892,Stevenage Brook,Stevenage Brook,stevenage-brook
1893,Stock Beck,Stock Beck,stock-beck
2039,Stock Ghyll,Stock Ghyll,stock-ghyll
1894,Stonham Watercourse,Stonham Watercourse,stonham-watercourse
1895,Stour Brook,Stour Brook,stour-brook
1896,Sud Brook,Sud Brook,sud-brook
1897,Sulham Brook,Sulham Brook,sulham-brook
1898,Sutton Beck,Sutton Beck,sutton-beck
1899,Swalecliffe Brook,Swalecliffe Brook,swalecliffe-brook
1900,Swan Brook,Swan Brook,swan-brook
1901,Swavesey Drain,Swavesey Drain,swavesey-drain
1902,Swill Brook,Swill Brook,swill-brook
1903,Swinney Beck,Swinney Beck,swinney-beck
2040,Syd Brook,Syd Brook,syd-brook
1904,Sydling Water,Sydling Water,sydling-water
1905,Tadburn Lake,Tadburn Lake,tadburn-lake
1906,Tang Hall Beck,Tang Hall Beck,tang-hall-beck
1907,Tanners Brook,Tanners Brook,tanners-brook
1908,Tetbury Avon,Tetbury Avon,tetbury-avon
1909,Thacka Beck,Thacka Beck,thacka-beck
1911,The Beck,The Beck,the-beck
1912,The Cut,The Cut,the-cut
1913,The Fleet,The Fleet,the-fleet
1914,The Gissage,The Gissage,the-gissage
2011,The Moss,The Moss,the-moss
2041,The Porter River,The Porter River,the-porter-river
1915,The Roxbourne,The Roxbourne,the-roxbourne
1916,Theobalds Brook,Theobalds Brook,theobalds-brook
1917,Thorngumbald Drain,Thorngumbald Drain,thorngumbald-drain
1918,Thornton Beck,Thornton Beck,thornton-beck
1919,Tory Brook,Tory Brook,tory-brook
1920,Town Beck,Town Beck,town-beck
1921,Trawden Brook,Trawden Brook,trawden-brook
1922,Tresillian River,Tresillian River,tresillian-river
1923,Trothy,Trothy,trothy
1925,Trout Beck,Trout Beck (East Cumbria),trout-beck-east-cumbria
1926,Trout Beck,Trout Beck (Lake District),trout-beck-lake-district
1924,Trout Beck,Trout Beck (Northumberland),trout-beck-northumberland
1927,Tryweryn,Tryweryn,tryweryn
1928,Turkey Brook,Turkey Brook,turkey-brook
1929,Twin,Twin,twin
1930,Ulley Brook,Ulley Brook,ulley-brook
1931,Ullswater,Ullswater,ullswater
1932,Umborne Brook,Umborne Brook,umborne-brook
1933,Usway Burn,Usway Burn,usway-burn
1934,Valley Brook,Valley Brook,valley-brook
1935,Waithe Beck,Waithe Beck,waithe-beck
1936,Walkford Brook,Walkford Brook,walkford-brook
1937,Waller Hill Beck,Waller Hill Beck,waller-hill-beck
1938,Wallop Brook,Wallop Brook,wallop-brook
1939,Walsden Water,Walsden Water,walsden-water
1940,Waren Burn,Waren Burn,waren-burn
1941,Warleggan River,Warleggan River,warleggan-river
1942,Wash Dike,Wash Dike,wash-dike
1943,Washford River,Washford River,washford-river
1944,Washpit Brook,Washpit Brook,washpit-brook
1945,Wealdstone Brook,Wealdstone Brook,wealdstone-brook
1946,Weedon Beck,Weedon Beck,weedon-beck
1947,Wellow Brook,Wellow Brook,wellow-brook
1948,Wendlebury Brook,Wendlebury Brook,wendlebury-brook
1949,Wendling Beck,Wendling Beck,wendling-beck
1950,Wendover Springs,Wendover Springs,wendover-springs
1951,Wesley Brook,Wesley Brook,wesley-brook
1952,West Bank Pond,West Bank Pond,west-bank-pond
2042,West Beck,West Beck (County Durham),west-beck-county-durham
1955,West Brook,West Brook (Hampshire),west-brook-hampshire
1954,West Brook,West Brook (Kent),west-brook-kent
1956,West Clough,West Clough,west-clough
1957,West Dart River,West Dart River,west-dart-river
1958,West Fen Catchwater Drain,West Fen Catchwater Drain,west-fen-catchwater-drain
1959,West Glen River,West Glen River,west-glen-river
1960,West Lyn River,West Lyn River,west-lyn-river
1961,West Moor Drain,West Moor Drain,west-moor-drain
1962,West Okement River,West Okement River,west-okement-river
1963,West Sedgemoor Drain,West Sedgemoor Drain,west-sedgemoor-drain
2012,Western Drain,Western Drain,western-drain
1964,Western Yar,Western Yar,western-yar
1966,Whaddon Brook,Whaddon Brook (Cambridgeshire),whaddon-brook-cambridgeshire
1965,Whaddon Brook,Whaddon Brook (Gloucestershire),whaddon-brook-gloucestershire
1967,Wheelan Dyke,Wheelan Dyke,wheelan-dyke
1968,Whetstone Brook,Whetstone Brook,whetstone-brook
1969,Whiston Brook,Whiston Brook,whiston-brook
1970,White Water Dyke,White Water Dyke,white-water-dyke
1971,Whitley Beck,Whitley Beck,whitley-beck
1972,Whitley Brook,Whitley Brook,whitley-brook
1973,Willow Beck,Willow Beck,willow-beck
1974,Willow Brook,Willow Brook,willow-brook
1975,Wincham Brook,Wincham Brook,wincham-brook
1976,Windermere,Windermere,windermere
1977,Windle Brook,Windle Brook,windle-brook
1978,Winestead Drain,Winestead Drain,winestead-drain
1979,Winford Brook,Winford Brook,winford-brook
1980,Winterbourne Stream,Winterbourne Stream (Berkshire),winterbourne-stream-berkshire
1981,Winterbourne Stream,Winterbourne Stream (Sussex),winterbourne-stream-sussex
1982,Witcombe Bottom Main Drain,Witcombe Bottom Main Drain,witcombe-bottom-main-drain
1983,Withy Brook,Withy Brook,withy-brook
2013,Withycombe Brook,Withycombe Brook,withycombe-brook
1984,Wiza Beck,Wiza Beck,wiza-beck
1985,Wood Brook,Wood Brook,wood-brook
1986,Woodbridge Brook,Woodbridge Brook,woodbridge-brook
2021,Wool Brook,Wool Brook,wool-brook
1987,Wooler Water,Wooler Water,wooler-water
1988,Wootton Brook,Wootton Brook,wootton-brook
1989,Worsley Brook,Worsley Brook,worsley-brook
1990,Wortley Beck,Wortley Beck,wortley-beck
2022,Wotton Brook,Wotton Brook (Devon),wotton-brook-devon
1991,Wotton Brook,Wotton Brook (Gloucestershire),wotton-brook-gloucestershire
1992,Wraysbury River,Wraysbury River,wraysbury-river
1993,Wych Brook,Wych Brook,wych-brook
2014,Wydon Burn,Wydon Burn,wydon-burn
1994,Wyke Beck,Wyke Beck,wyke-beck
1995,Wymans Brook,Wymans Brook,wymans-brook
1996,Yazor Brook,Yazor Brook,yazor-brook
1997,Yeading Brook,Yeading Brook,yeading-brook
1998,Yeading Brook,Yeading Brook (Eastern Arm),yeading-brook-eastern-arm
2043,Yeolands Stream,Yeolands Stream,yeolands-stream
2044,River Loddon,River Loddon (Dorset),river-loddon-dorset
